Comment,Designator,Footprint,LCSC
20pF,C6 C11,C_0402_1005Metric,C1554
2.2nF,C3,C_0402_1005Metric,C1531
10nF,C4,C_0402_1005Metric,C15195
100nF,C2 C5 C7 C8 C9 C10 C14 C15 C17,C_0402_1005Metric,C307331
2.2uF,C12 C13,C_0402_1005Metric,C12530
4.7uF,C16,C_0402_1005Metric,C23733
22uF,C1,CP_EIA-3216-18_Kemet-A,C116575
3V3,D3,LED_0805_2012Metric,C434432
5V,D2,LED_0805_2012Metric,C434432
B5819W,D1,D_SOD-123,C8598
STAT,D4,LED_WS2812B_PLCC4_5.0x5.0mm_P3.2mm,C2761795
BAT,J1,PinHeader_1x02_P2.54mm_Vertical,
IO,J2,PinHeader_1x06_P2.54mm_Vertical,
swd,J3,PinHeader_1x02_P1.00mm_Vertical,
USB_C_Plug_USB2.0,P1,TYPE-C-31-M-04,C129018
DMG2305,Q1,SOT-23,C150470
100,R7,R_0402_1005Metric,C25076
560,R5,R_0402_1005Metric,C25172
1k,R4,R_0402_1005Metric,C25543
10k,R2 R3 R6 R11 R12,R_0402_1005Metric,C25744
100k,R1,R_0402_1005Metric,C25741
BOOT,SW1,TS-1088-AR02016,C720477
RST,SW2,TS-1088-AR02016,C720477
AMS1117-3.3,U1,SOT-223-3_TabPin2,C6186
BMM150,U2,WLCSP-12_1.56x1.56mm_P0.4mm,C171681
BMP388,U6,BMP388,C779278
MPU-6050,U4,InvenSense_QFN-24_4x4mm_P0.5mm,C24112
STM32F405RGTx,U3,LQFP-64_10x10mm_P0.5mm,
12MHz,Y1,Crystal_SMD_3225-4Pin_3.2x2.5mm,C9002
