Comment,Designator,Footprint,LCSC
2.2nF,C3,C_0402_1005Metric,C1531
10nF,C4,C_0402_1005Metric,C15195
100nF,C2 C5 C7 C8 C9 C10,C_0402_1005Metric,C307331
4.7uF,C6,C_0402_1005Metric,C23733
22uF,C1,CP_EIA-3216-18_Kemet-A,C116575
3V3,D3,LED_0805_2012Metric,C434432
5V,D2,LED_0805_2012Metric,C434432
B5819W,D1,D_SOD-123,C8598
CHR,D5,LED_0805_2012Metric,C84262
STAT,D4,LED_WS2812B_PLCC4_5.0x5.0mm_P3.2mm,C2761795
BAT,J1,PinHeader_1x02_P2.54mm_Vertical,
RTR1,M1,PinHeader_1x02_P2.54mm_Vertical,
RTR2,M2,PinHeader_1x02_P2.54mm_Vertical,
RTR3,M3,PinHeader_1x02_P2.54mm_Vertical,
RTR4,M4,PinHeader_1x02_P2.54mm_Vertical,
USB_C_Plug_USB2.0,P1,TYPE-C-31-M-04,C129018
2N7002,Q2,SOT-23,C8545
DMG2305,Q1,SOT-23,C150470
560,R5,R_0402_1005Metric,C25172
1k,R4 R10,R_0402_1005Metric,C25543
4.7k,R8,R_0402_1005Metric,C25900
6.8k,R6,R_0402_1005Metric,C25917
10k,R2 R3 R7 R11 R12 R13,R_0402_1005Metric,C25744 C25543
100k,R1 R9,R_0402_1005Metric,C25741
RST,SW2,TS-1088-AR02016,C720477
USER,SW1,TS-1088-AR02016,C720477
AMS1117-3.3,U1,SOT-223-3_TabPin2,C6186
BMP388,U6,BMP388,C779278
DRV8837,U2 U3,WSON-8-1EP_2x2mm_P0.5mm_EP0.9x1.6mm,C191000
ESP32-C3-MINI-1,U7,ESP32-C3-MINI-1,C2838502
MCP73831-2-OT,U5,SOT-23-5,C424093
MPU-6050,U4,InvenSense_QFN-24_4x4mm_P0.5mm,C24112
